{
  "Aruba": [
    12.5013629,
    -69.9618475
  ],
  "Afghanistan": [
    33.7680065,
    66.2385139
  ],
  "Angola": [
    -11.8775768,
    17.5691241
  ],
  "Anguilla": [
    18.1954947,
    -63.0750234
  ],
  "\u00c5land Islands": [
    60.2166218,
    19.9438638
  ],
  "Albania": [
    1.2315264,
    -75.89204331320687
  ],
  "Andorra": [
    42.5407167,
    1.5732033
  ],
  "United Arab Emirates": [
    24.0002488,
    53.9994829
  ],
  "Argentina": [
    -34.9964963,
    -64.9672817
  ],
  "Armenia": [
    4.491976149999999,
    -75.74135085294314
  ],
  "American Samoa": [
    -14.297124,
    -170.7131481
  ],
  "Antarctica": [
    -72.8438691,
    0.0
  ],
  "French Southern Territories": [
    -49.237441950000004,
    69.62275903679347
  ],
  "Antigua and Barbuda": [
    17.2234721,
    -61.9554608
  ],
  "Australia": [
    -24.7761086,
    134.755
  ],
  "Austria": [
    47.59397,
    14.12456
  ],
  "Azerbaijan": [
    40.3936294,
    47.7872508
  ],
  "Burundi": [
    -3.426449,
    29.9324519
  ],
  "Belgium": [
    50.6402809,
    4.6667145
  ],
  "Benin": [
    9.5293472,
    2.2584408
  ],
  "Burkina Faso": [
    12.0753083,
    -1.6880314
  ],
  "Bangladesh": [
    -0.2864982,
    36.0514231
  ],
  "Bulgaria": [
    42.6073975,
    25.4856617
  ],
  "Bahrain": [
    25.227707549999998,
    55.171549227823945
  ],
  "Bahamas": [
    24.7736546,
    -78.0000547
  ],
  "Bosnia and Herzegovina": [
    44.3053476,
    17.5961467
  ],
  "Saint Barth\u00e9lemy": [
    17.8967693,
    -62.825598
  ],
  "Belarus": [
    53.4250605,
    27.6971358
  ],
  "Belize": [
    17.1204943,
    -88.6859028
  ],
  "Bermuda": [
    32.2937417,
    -64.7815286
  ],
  "Bolivia, Plurinational State of": [
    -17.0568696,
    -64.9912286
  ],
  "Brazil": [
    -10.3333333,
    -53.2
  ],
  "Barbados": [
    13.1500331,
    -59.5250305
  ],
  "Brunei Darussalam": [
    4.4137155,
    114.5653908
  ],
  "Bhutan": [
    27.549511,
    90.5119273
  ],
  "Bouvet Island": [
    -54.42019475,
    3.3601964685069863
  ],
  "Botswana": [
    -23.1681782,
    24.5928742
  ],
  "Central African Republic": [
    7.0323598,
    19.9981227
  ],
  "Canada": [
    61.0666922,
    -107.991707
  ],
  "Cocos (Keeling) Islands": [
    -12.0728315,
    96.8409375
  ],
  "Switzerland": [
    46.7985624,
    8.2319736
  ],
  "Chile": [
    -31.7613365,
    -71.3187697
  ],
  "China": [
    35.000074,
    104.999927
  ],
  "C\u00f4te d'Ivoire": [
    7.9897371,
    -5.5679458
  ],
  "Cameroon": [
    4.6125522,
    13.1535811
  ],
  "The Democratic Republic of the Congo": [
    -2.9814344,
    23.8222636
  ],
  "Congo": [
    -2.9814344,
    23.8222636
  ],
  "Cook Islands": [
    -19.99697155,
    -157.78587140620786
  ],
  "Colombia": [
    4.099917,
    -72.9088133
  ],
  "Comoros": [
    -12.2045176,
    44.2832964
  ],
  "Cabo Verde": [
    16.0000552,
    -24.0083947
  ],
  "Costa Rica": [
    10.2735633,
    -84.0739102
  ],
  "Cuba": [
    23.0131338,
    -80.8328748
  ],
  "Curacao": [
    12.21339425,
    -69.0408499890865
  ],
  "Christmas Island": [
    -10.4837768,
    105.64723
  ],
  "Cayman Islands": [
    19.703182249999998,
    -79.9174627243246
  ],
  "Cyprus": [
    34.9174159,
    32.889902651331866
  ],
  "Czechia": [
    49.7439047,
    15.3381061
  ],
  "Germany": [
    51.1638175,
    10.4478313
  ],
  "Djibouti": [
    11.8145966,
    42.8453061
  ],
  "Dominica": [
    15.4113138,
    -61.3653618
  ],
  "Denmark": [
    55.670249,
    10.3333283
  ],
  "Dominican Republic": [
    19.0974031,
    -70.3028026
  ],
  "Algeria": [
    28.0000272,
    2.9999825
  ],
  "Ecuador": [
    -1.3397668,
    -79.3666965
  ],
  "Egypt": [
    26.2540493,
    29.2675469
  ],
  "Eritrea": [
    15.9500319,
    37.9999668
  ],
  "Western Sahara": [
    24.1797324,
    -13.7667848
  ],
  "Spain": [
    39.3260685,
    -4.8379791
  ],
  "Estonia": [
    58.7523778,
    25.3319078
  ],
  "Ethiopia": [
    10.2116702,
    38.6521203
  ],
  "Finland": [
    63.2467777,
    25.9209164
  ],
  "Fiji": [
    -18.1239696,
    179.0122737
  ],
  "Falkland Islands (Malvinas)": [
    -51.9492937,
    -59.5383657
  ],
  "France": [
    46.603354,
    1.8883335
  ],
  "Faroe Islands": [
    62.0448724,
    -7.0322972
  ],
  "Micronesia, Federated States of": [
    8.6062347,
    151.832744331612
  ],
  "Gabon": [
    -0.8999695,
    11.6899699
  ],
  "United Kingdom": [
    54.7023545,
    -3.2765753
  ],
  "Georgia": [
    32.3293809,
    -83.1137366
  ],
  "Guernsey": [
    49.4566233,
    -2.5822348
  ],
  "Ghana": [
    8.0300284,
    -1.0800271
  ],
  "Gibraltar": [
    36.1285933,
    -5.3474761
  ],
  "Guinea": [
    10.7226226,
    -10.7083587
  ],
  "Guadeloupe": [
    16.2528827,
    -61.5686855
  ],
  "Gambia": [
    13.470062,
    -15.4900464
  ],
  "Guinea-Bissau": [
    11.815215,
    -15.2351044
  ],
  "Equatorial Guinea": [
    1.613172,
    10.5170357
  ],
  "Greece": [
    43.2097838,
    -77.6930602
  ],
  "Grenada": [
    12.1360374,
    -61.6904045
  ],
  "Greenland": [
    35.9948477,
    -94.1796014
  ],
  "Guatemala": [
    15.5855545,
    -90.345759
  ],
  "French Guiana": [
    4.0039882,
    -52.999998
  ],
  "Guam": [
    13.45011745,
    144.7577087765826
  ],
  "Guyana": [
    4.8417097,
    -58.6416891
  ],
  "Hong Kong": [
    22.350627,
    114.1849161
  ],
  "Heard Island and McDonald Islands": [
    -53.0166353,
    72.955751
  ],
  "Honduras": [
    15.2572432,
    -86.0755145
  ],
  "Croatia": [
    45.3658443,
    15.6575209
  ],
  "Haiti": [
    19.1399952,
    -72.3570972
  ],
  "Hungary": [
    47.1817585,
    19.5060937
  ],
  "Indonesia": [
    -2.4833826,
    117.8902853
  ],
  "Isle of Man": [
    54.1936805,
    -4.5591148
  ],
  "India": [
    22.3511,
    78.6677
  ],
  "British Indian Ocean Territory": [
    -5.3497093499999995,
    71.86064227010121
  ],
  "Ireland": [
    52.865196,
    -7.9794599
  ],
  "Iran, Islamic Republic of": [
    32.6475314,
    54.5643516
  ],
  "Iraq": [
    33.0955793,
    44.1749775
  ],
  "Iceland": [
    64.9841821,
    -18.1059013
  ],
  "Israel": [
    30.8124247,
    34.8594762
  ],
  "Italy": [
    42.6384261,
    12.674297
  ],
  "Jamaica": [
    18.1850507,
    -77.3947693
  ],
  "Jersey": [
    49.2214561,
    -2.1358386
  ],
  "Jordan": [
    44.6663146,
    -93.6261918
  ],
  "Japan": [
    36.5748441,
    139.2394179
  ],
  "Kazakhstan": [
    48.1012954,
    66.7780818
  ],
  "Kenya": [
    1.4419683,
    38.4313975
  ],
  "Kyrgyzstan": [
    42.4858224,
    74.714583
  ],
  "Cambodia": [
    12.5433216,
    104.8144914
  ],
  "Kiribati": [
    0.3448612,
    173.6641773
  ],
  "Saint Kitts and Nevis": [
    17.250512,
    -62.6725973
  ],
  "Korea, Republic of": [
    38.233686649999996,
    127.00873073371443
  ],
  "Kuwait": [
    29.3796532,
    47.9734174
  ],
  "Lao People's Democratic Republic": [
    20.0171109,
    103.378253
  ],
  "Lebanon": [
    40.375713,
    -76.4626118
  ],
  "Liberia": [
    5.7499721,
    -9.3658524
  ],
  "Libya": [
    26.8234472,
    18.1236723
  ],
  "Saint Lucia": [
    13.8250489,
    -60.975036
  ],
  "Liechtenstein": [
    47.1416307,
    9.5531527
  ],
  "Sri Lanka": [
    7.5554942,
    80.7137847
  ],
  "Lesotho": [
    -29.6039267,
    28.3350193
  ],
  "Lithuania": [
    55.3500003,
    23.7499997
  ],
  "Luxembourg": [
    49.6112768,
    6.129799
  ],
  "Latvia": [
    56.8406494,
    24.7537645
  ],
  "Macao": [
    22.1899448,
    113.5380454
  ],
  "Saint Martin (French part)": [
    18.0814066,
    -63.0467131
  ],
  "Morocco": [
    28.3347722,
    -10.371337908392647
  ],
  "Monaco": [
    43.7323492,
    7.4276832
  ],
  "Moldova, Republic of": [
    47.0273122,
    28.82633975941325
  ],
  "Madagascar": [
    -18.9249604,
    46.4416422
  ],
  "Maldives": [
    3.7203503,
    73.2244152
  ],
  "Mexico": [
    19.4326296,
    -99.1331785
  ],
  "Marshall Islands": [
    8.230816999999998,
    167.7953223704529
  ],